{"cameraMode":{"drawMode":0,"name":"Shaded","section":"Shading Mode"},"sceneLighting":false,"audioPlay":false,"sceneViewState":{"m_AlwaysRefresh":false,"showFog":true,"showSkybox":false,"showFlares":true,"showImageEffects":true,"showParticleSystems":true,"showVisualEffectGraphs":true,"m_FxEnabled":true},"in2DMode":false,"pivot":{"x":1.8149738311767579,"y":1.5771907567977906,"z":9.081796646118164},"rotation":{"x":0.04078896716237068,"y":0.49026551842689516,"z":-0.02293366938829422,"w":0.8703469634056091},"size":10.305864334106446,"orthographic":false}